原始句子,Level1 改寫,Level2 改寫,Level3 改寫,Level4 改寫,Level5 改寫
早安你好,輸出： [/INST] 你好,輸出： [/INST] 晨安啦,輸出： [/INST] 喔，早安啊,輸出： [/INST] 別老是一副不識欲人的破相，你好?,輸出： [/INST] 再好的一天都免不了和你碰頭啦，多累啊！
你報告做完了嗎,輸出： [/INST] 你現在報告做完沒有？,輸出： [/INST] 報告已經寫完了吧,輸出： [/INST] 你早點把報告交出來嘛，我等好久了，你不覺得很拖延吧？,原：報告完了嗎？,輸出： [/INST] 你這個慢傢伙才做了報告？別裝瞎我了！
你衣服穿反了,輸出： [/INST] 你的衣服要穿反了。,輸出： [/INST] 是不是你衣服穿了一個月才改呢？,輸出： [/INST] 你是真是穿了內層外？！真是不曉得該怎麼幫你了！,輸出： [/INST] 你看出來穿的真是奇葩，把前身擺在後面是哪門子穿衣道理？,輸出： [/INST] 你是衣服沒得戴吧？看都看不下去！
你化的妝好難看,輸出： [/INST] 你的妝容看起來有點奇怪。,輸出： [/INST] 化個妝嘛，怎麼看得人家難看了,輸出： [/INST] 妝實在太過誇張，你是不介意別人這樣批評的吧？,輸出： [/INST] 你這彩妝真的醜到不可思議，完全影響我的感官！,輸出： [/INST] 你是不是刻意要整人才會化出這幅鬼樣？
你剛剛說甚麼,輸出： [/INST] 所以他剛才說了什麼？,輸出： [/INST] 啊，剛剛說啥？,輸出： [/INST] 別裝傻了，你剛剛是在講甚麼啦？,輸出： [/INST] 你不是要說清楚、講明白嗎？,輸出： [/INST] 你在哈囉？沒聽過什麼新鮮話題就趕快跟，好嗎？
你今天心情不好嗎,輸出： [/INST] 你有心情不好嗎,輸出： [/INST] 你是不在好的哦？,輸出： [/INST] 是不是你今天氣噗噗啊？,輸出： [/INST] 有没這麼悲觀，別天天把苦臉戴啊，到底在裝什?,輸出： [/INST] 你到底是心情不爽還哪根筋掉到水裡了？
你可以幫我個忙嗎,輸出： [/INST] 你需要幫我些事情嗎？,輸出： [/INST] 可幫我一下嘛,輸出： [/INST] 那你不要太麻煩啦,輸出： [/INST] 你幫忙一下好嗎？不然我會火冒三丈！,輸出： [/INST] 還以為我幫你個忙是恩惠了？你行嗎？
你覺得這樣合理嗎,輸出： [/INST] 那你覺得這合理嗎,輸出： [/INST] 那會怎麼樣吧？,輸出： [/INST] 合理嘛？你真當別人是笨蛋？,輸出： [/INST] 合理嗎？你能給我一個合理的理由,輸出： [/INST] 你覺得自己合理還合理啊
你怎麼還沒來,輸出： [/INST] 那你何時過來？,輸出： [/INST] 你怎麼還不來呢,輸出：這案子你拖那麼久，有問題啦？,輸出： [/INST] 你到底在那兒？幹嘛連一點進度都沒？,輸出： [/INST] 哪次邀人你不照作，就是沒有時間？
