id,original,method,target_level,output,predicted_score,is_correct
S001,今天外面好冷喔,breeze_prompt,1,今天外面的溫度好像比較低，要注意保暖哦！,1,True
S001,今天外面的溫度好像比較低，要注意保暖哦！,breeze_prompt,2,今天氣溫較低，請注意保暖。,2,True
S001,今天氣溫較低，請注意保暖。,breeze_prompt,3,今天冷的要命，大家千萬別忘了保暖！,1,False
S001,今天冷的要命，大家千萬別忘了保暖！,breeze_prompt,4,今兒個的寒氣直逼骨髓，大家可別忘了給自己加件外套，免得凍得直發抖。,1,False
S001,今天外面好冷喔,breeze_with_data,1,今天外面的氣溫較低，要注意保暖。,2,False
S001,今天外面的氣溫較低，要注意保暖。,breeze_with_data,2,今天的氣溫較低，外出時請注意保暖。,2,True
S001,今天的氣溫較低，外出時請注意保暖。,breeze_with_data,3,今天的氣溫實在太低，出門別忘了好好保暖，不然真的很受不了一直聽到你在抱怨冷。,4,False
S001,今天的氣溫實在太低，出門別忘了好好保暖，不然真的很受不了一直聽到你在抱怨冷。,breeze_with_data,4,今天的氣溫實在太低，出門別忘了好好保暖，不然真的很受不了一直聽到你在吹冷風。,4,True
S002,我剛醒來腦袋還沒轉過來,breeze_prompt,1,剛睡醒時，我的腦袋還沒完全清醒，需要一些時間調整。,1,True
S002,剛睡醒時，我的腦袋還沒完全清醒，需要一些時間調整。,breeze_prompt,2,剛睡醒腦袋還沒完全清醒，需要一點時間調整。,1,False
S002,剛睡醒腦袋還沒完全清醒，需要一點時間調整。,breeze_prompt,3,剛睡醒腦袋還沒完全清醒，需要點時間調整，別一直逼我。,3,True
S002,剛睡醒腦袋還沒完全清醒，需要點時間調整，別一直逼我。,breeze_prompt,4,剛睡醒靈魂還沒脫離夢鄉，需要點時間重獲自由，別一直敲我的門。,2,False
S002,我剛醒來腦袋還沒轉過來,breeze_with_data,1,我剛睡醒腦袋還沒完全清醒。,2,False
S002,我剛睡醒腦袋還沒完全清醒。,breeze_with_data,2,我剛起床，腦袋尚未完全清醒。,2,True
S002,我剛起床，腦袋尚未完全清醒。,breeze_with_data,3,你明明才剛起床，腦袋還一團糟，到底在說什麼？,4,False
S002,你明明才剛起床，腦袋還一團糟，到底在說什麼？,breeze_with_data,4,你明明才剛起床，腦袋還一團糟，竟然還想在這裡大放厥詞？,4,True
S003,這首歌好好聽阿阿阿,breeze_prompt,1,這首歌真的很動聽，讓我們一起好好享受吧！,1,True
S003,這首歌真的很動聽，讓我們一起好好享受吧！,breeze_prompt,2,這首歌真的很好聽，一起好好享受吧！,1,False
S003,這首歌真的很好聽，一起好好享受吧！,breeze_prompt,3,這首歌真的很好聽，別再猶豫了，趕快一起好好享受吧！,1,False
S003,這首歌真的很好聽，別再猶豫了，趕快一起好好享受吧！,breeze_prompt,4,這首歌簡直是神作，猶豫什麼？趕緊入坑，一起沉浸在美妙旋律中吧！,4,True
S003,這首歌好好聽阿阿阿,breeze_with_data,1,這首歌真的很悅耳呢。,1,True
S003,這首歌真的很悅耳呢。,breeze_with_data,2,這首歌的確很好聽。,2,True
S003,這首歌的確很好聽。,breeze_with_data,3,這首歌真的很煩人，每次聽到都想翻白眼。,4,False
S003,這首歌真的很煩人，每次聽到都想翻白眼。,breeze_with_data,4,這首歌簡直令人受不了，每次聽到都忍不住想翻白眼，彷彿成為了我的專屬招牌動作。,4,True
S004,我突然有點餓,breeze_prompt,1,我突然覺得肚子有點餓，需要吃點東西嗎？,1,True
S004,我突然覺得肚子有點餓，需要吃點東西嗎？,breeze_prompt,2,你肚子餓了嗎，需要吃點東西？,1,False
S004,你肚子餓了嗎，需要吃點東西？,breeze_prompt,3,你到底在等甚麼，是不是肚子餓，快出來吃點東西啦！,3,True
S004,你到底在等甚麼，是不是肚子餓，快出來吃點東西啦！,breeze_prompt,4,你究竟在沉思甚麼，是不是在思考人生的意義，不如先飽足一下肚子再繼續吧！,4,True
S004,我突然有點餓,breeze_with_data,1,我現在感覺有點肚子餓。,2,False
S004,我現在感覺有點肚子餓。,breeze_with_data,2,目前我感到些許肚子餓。,1,False
S004,目前我感到些許肚子餓。,breeze_with_data,3,你每次都拖到這種時候才說肚子餓，是不是太沒效率了？,4,False
S004,你每次都拖到這種時候才說肚子餓，是不是太沒效率了？,breeze_with_data,4,看你這副模樣，我都替你感到羞恥。,4,True
S005,你剛剛那句話很好笑,breeze_prompt,1,你剛剛說的那句話真的很有趣，有沒有讓我們都笑了呢？,1,True
S005,你剛剛說的那句話真的很有趣，有沒有讓我們都笑了呢？,breeze_prompt,2,你剛剛說的那句話真的很有趣，大家有因為它而笑嗎？,1,False
S005,你剛剛說的那句話真的很有趣，大家有因為它而笑嗎？,breeze_prompt,3,你剛剛說的那句話真的很無聊，大家有因為它而笑嗎？,4,False
S005,你剛剛說的那句話真的很無聊，大家有因為它而笑嗎？,breeze_prompt,4,你剛剛那番話真的讓人捧腹，大家都在期待下一個高潮呢。,4,True
S005,你剛剛那句話很好笑,breeze_with_data,1,你剛剛的那句話真的很有趣。,1,True
S005,你剛剛的那句話真的很有趣。,breeze_with_data,2,你的那句話確實很有趣。,4,False
S005,你的那句話確實很有趣。,breeze_with_data,3,你的那句話實在太無聊了，到底在開什麼玩笑？,4,False
S005,你的那句話實在太無聊了，到底在開什麼玩笑？,breeze_with_data,4,你的那一句話簡直太無趣了，難道是在耍白癡？,4,True
S006,我現在不想說話,breeze_prompt,1,我現在心情不太好，需要一些時間調整自己。,1,True
S006,我現在心情不太好，需要一些時間調整自己。,breeze_prompt,2,我現在心情不好，需要一些時間調整情緒。,1,False
S006,我現在心情不好，需要一些時間調整情緒。,breeze_prompt,3,你現在心情不好，是不是故意來煩我，給我一點時間好好處理情緒。,3,True
S006,你現在心情不好，是不是故意來煩我，給我一點時間好好處理情緒。,breeze_prompt,4,你今天的氣場真是十足，好像刻意來挑事，給自己一點時間調整氣場，大家都感受到了。,4,True
S006,我現在不想說話,breeze_with_data,1,我現在心情不太好，可以稍等一下嗎？,1,True
S006,我現在心情不太好，可以稍等一下嗎？,breeze_with_data,2,我現在心情不佳，能否稍等一下？,1,False
S006,我現在心情不佳，能否稍等一下？,breeze_with_data,3,你現在態度這麼差，給我等一下！,3,True
S006,你現在態度這麼差，給我等一下！,breeze_with_data,4,你現在態度這麼差，真是太讓我期待了！,4,True
S007,這地方我以前好像來過,breeze_prompt,1,我以前好像在這個地方來過，有任何問題都可以問我。,1,True
S007,我以前好像在這個地方來過，有任何問題都可以問我。,breeze_prompt,2,我曾來過這裡，有任何疑問歡迎問我。,1,False
S007,我曾來過這裡，有任何疑問歡迎問我。,breeze_prompt,3,我已經來過這裡，有任何問題就直接問我，別浪費時間。,3,True
S007,我已經來過這裡，有任何問題就直接問我，別浪費時間。,breeze_prompt,4,我早已踏足此地，若有疑問，直抵我心，莫要徒耗光陰。,2,False
S007,這地方我以前好像來過,breeze_with_data,1,這裡似乎是我以前造訪過的地方。,2,False
S007,這裡似乎是我以前造訪過的地方。,breeze_with_data,2,這裡可能是我以前來過的地方。,2,True
S007,這裡可能是我以前來過的地方。,breeze_with_data,3,你到底要一直重複這個地方來過嗎？真的很煩！,3,True
S007,你到底要一直重複這個地方來過嗎？真的很煩！,breeze_with_data,4,你到底要一直重複這個地方來過嗎？真的很煩！,3,False
S008,今天一整天都覺得很累,breeze_prompt,1,今天一整天都覺得身心疲憊，需要好好休息一下。,1,True
S008,今天一整天都覺得身心疲憊，需要好好休息一下。,breeze_prompt,2,今天一整天都感到身心疲累，需要好好休息一下。,1,False
S008,今天一整天都感到身心疲累，需要好好休息一下。,breeze_prompt,3,今天一整天都感到身心疲憊，實在受不了了，一定要好好休息一下。,1,False
S008,今天一整天都感到身心疲憊，實在受不了了，一定要好好休息一下。,breeze_prompt,4,今天一整天的身心壓力，讓我快被壓垮了，實在忍無可忍，非得好好充充電才行。,3,False
S008,今天一整天都覺得很累,breeze_with_data,1,今天一整天都覺得有點疲倦。,2,False
S008,今天一整天都覺得有點疲倦。,breeze_with_data,2,今天一整天感覺疲憊。,2,True
S008,今天一整天感覺疲憊。,breeze_with_data,3,今天一整天感覺疲憊到快受不了了！,3,True
S008,今天一整天感覺疲憊到快受不了了！,breeze_with_data,4,今天一整天感覺自己在「裝忙」到快受不了了！,3,False
S009,我突然想到一件小事,breeze_prompt,1,我突然想起了一件小事，需要分享給你嗎？,1,True
S009,我突然想起了一件小事，需要分享給你嗎？,breeze_prompt,2,有什麼小事想跟我說嗎？,1,False
S009,有什麼小事想跟我說嗎？,breeze_prompt,3,你到底有沒有什麼小事可以跟我分享，別再裝作沒事了！,3,True
S009,你到底有沒有什麼小事可以跟我分享，別再裝作沒事了！,breeze_prompt,4,你真的沒什麼小故事可以和我分享嗎？又開始裝作無事人了。,4,True
S009,我突然想到一件小事,breeze_with_data,1,我突然想到了一個小想法,2,False
S009,我突然想到了一個小想法,breeze_with_data,2,我突然想到一個小想法。,2,True
S009,我突然想到一個小想法。,breeze_with_data,3,你到底在說什麼？這種低級的想法也敢提出？,3,True
S009,你到底在說什麼？這種低級的想法也敢提出？,breeze_with_data,4,你到底在說些什麼？這種幼稚的想法也敢提出？,3,False
S010,這個味道讓我有點反胃,breeze_prompt,1,這個味道讓我有點不舒服，需要聊聊嗎？,1,True
S010,這個味道讓我有點不舒服，需要聊聊嗎？,breeze_prompt,2,這個味道讓我有點不適，你想聊聊嗎？,1,False
S010,這個味道讓我有點不適，你想聊聊嗎？,breeze_prompt,3,這個味道實在太糟了，你為甚麼不跟我聊聊呢？,3,True
S010,這個味道實在太糟了，你為甚麼不跟我聊聊呢？,breeze_prompt,4,你真的很會挑地方說話，這味道太精彩了，讓我們好好聊聊吧！,4,True
S010,這個味道讓我有點反胃,breeze_with_data,1,這個味道讓我感覺有點不舒服。,2,False
S010,這個味道讓我感覺有點不舒服。,breeze_with_data,2,這個味道使我感到些許不適。,1,False
S010,這個味道使我感到些許不適。,breeze_with_data,3,這個味道真的讓我很不舒服，你到底在搞什麼？,3,True
S010,這個味道真的讓我很不舒服，你到底在搞什麼？,breeze_with_data,4,這個味道簡直讓我的胃都反胃了，你到底在進行一場味覺的反革命？,4,True
